1970-01-01T00:30, 251, 274, 238, 237, 244, 44, 83
1970-01-01T01:00, 282, 278, 286, 284, 267, 57, 60
1970-01-01T01:30, 296, 254, 273, 273, 266, 52, 58
1970-01-01T02:00, 299, 289, 291, 314, 274, 49, 69
1970-01-01T02:30, 323, 281, 310, 281, 278, 62, 65
1970-01-01T03:00, 297, 307, 280, 319, 286, 56, 74
1970-01-01T03:30, 371, 349, 384, 354, 329, 73, 64
1970-01-01T04:00, 347, 316, 329, 315, 322, 59, 76
1970-01-01T04:30, 330, 296, 307, 288, 313, 70, 66
1970-01-01T05:00, 389, 327, 300, 342, 326, 84, 83
1970-01-01T05:30, 386, 334, 351, 335, 337, 63, 65
1970-01-01T06:00, 354, 336, 302, 341, 360, 54, 78
1970-01-01T06:30, 347, 310, 353, 291, 342, 81, 83
1970-01-01T07:00, 375, 292, 300, 318, 329, 79, 74
1970-01-01T07:30, 337, 308, 293, 286, 302, 56, 78
1970-01-01T08:00, 309, 312, 302, 259, 342, 56, 73
1970-01-01T08:30, 319, 292, 296, 321, 290, 52, 71
1970-01-01T09:00, 319, 331, 330, 348, 305, 64, 86
1970-01-01T09:30, 338, 305, 300, 318, 294, 79, 70
1970-01-01T10:00, 313, 347, 316, 303, 295, 84, 72
1970-01-01T10:30, 344, 345, 270, 275, 278, 61, 55
1970-01-01T11:00, 307, 302, 300, 319, 287, 83, 70
1970-01-01T11:30, 325, 245, 289, 279, 255, 62, 65
1970-01-01T12:00, 293, 290, 290, 259, 261, 57, 62
1970-01-01T12:30, 280, 255, 229, 245, 254, 72, 51
1970-01-01T13:00, 279, 235, 240, 263, 237, 39, 55
1970-01-01T13:30, 259, 234, 225, 199, 237, 98, 49
1970-01-01T14:00, 225, 199, 186, 187, 216, 108, 41
1970-01-01T14:30, 206, 198, 198, 185, 218, 122, 47
1970-01-01T15:00, 233, 205, 184, 201, 186, 98, 52
1970-01-01T15:30, 220, 182, 179, 194, 178, 119, 39
1970-01-01T16:00, 230, 180, 195, 169, 182, 116, 45
1970-01-01T16:30, 224, 189, 181, 176, 171, 125, 33
1970-01-01T17:00, 215, 181, 177, 194, 194, 105, 41
1970-01-01T17:30, 194, 174, 182, 171, 155, 105, 33
1970-01-01T18:00, 182, 162, 154, 155, 154, 113, 38
1970-01-01T18:30, 158, 146, 140, 153, 138, 105, 30
1970-01-01T19:00, 141, 128, 144, 155, 135, 98, 20
1970-01-01T19:30, 157, 140, 139, 140, 136, 89, 20
1970-01-01T20:00, 195, 176, 200, 166, 165, 112, 25
1970-01-01T20:30, 223, 202, 171, 192, 193, 148, 37
1970-01-01T21:00, 229, 203, 177, 158, 188, 127, 45
1970-01-01T21:30, 204, 181, 190, 187, 180, 147, 45
1970-01-01T22:00, 197, 192, 186, 189, 192, 156, 38
1970-01-01T22:30, 186, 176, 188, 187, 173, 126, 41
1970-01-01T23:00, 206, 195, 177, 178, 156, 145, 49
1970-01-01T23:30, 211, 206, 185, 184, 181, 160, 46
1970-01-02T00:00, 233, 196, 199, 207, 199, 178, 54
1970-01-02T00:30, 230, 217, 192, 198, 184, 185, 45
1970-01-02T01:00, 234, 206, 202, 197, 177, 150, 42
1970-01-02T01:30, 235, 214, 214, 211, 210, 162, 68
1970-01-02T02:00, 226, 199, 217, 214, 188, 186, 64
1970-01-02T02:30, 225, 219, 216, 195, 194, 160, 52
1970-01-02T03:00, 234, 210, 257, 196, 234, 212, 67
1970-01-02T03:30, 265, 236, 246, 244, 201, 181, 56
1970-01-02T04:00, 266, 236, 222, 267, 272, 191, 75
1970-01-02T04:30, 275, 238, 245, 232, 227, 206, 59
1970-01-02T05:00, 240, 227, 243, 245, 237, 185, 65
1970-01-02T05:30, 256, 247, 211, 230, 251, 214, 75
1970-01-02T06:00, 280, 237, 261, 233, 254, 215, 59
1970-01-02T06:30, 279, 231, 236, 220, 228, 218, 65
1970-01-02T07:00, 212, 214, 236, 236, 229, 249, 74
1970-01-02T07:30, 237, 207, 217, 207, 192, 208, 64
1970-01-02T08:00, 239, 228, 206, 209, 238, 199, 69
1970-01-02T08:30, 206, 207, 221, 184, 184, 185, 65
1970-01-02T09:00, 210, 218, 191, 200, 233, 200, 63
1970-01-02T09:30, 192, 181, 190, 194, 190, 192, 67
1970-01-02T10:00, 218, 179, 193, 206, 162, 190, 63
1970-01-02T10:30, 271, 255, 219, 257, 264, 263, 60
1970-01-02T11:00, 210, 218, 196, 209, 217, 175, 64
1970-01-02T11:30, 170, 219, 196, 172, 217, 169, 64
1970-01-02T12:00, 186, 184, 161, 194, 194, 180, 63
1970-01-02T12:30, 198, 189, 169, 159, 158, 138, 65
1970-01-02T13:00, 177, 158, 169, 145, 172, 187, 44
1970-01-02T13:30, 185, 179, 177, 176, 155, 152, 37
1970-01-02T14:00, 202, 183, 170, 141, 149, 152, 38
1970-01-02T14:30, 206, 133, 157, 167, 175, 169, 33
1970-01-02T15:00, 180, 186, 155, 179, 151, 154, 26
1970-01-02T15:30, 180, 155, 155, 157, 160, 168, 43
1970-01-02T16:00, 170, 188, 170, 155, 162, 163, 35
1970-01-02T16:30, 165, 160, 148, 153, 128, 153, 31
1970-01-02T17:00, 161, 171, 162, 130, 145, 145, 34
1970-01-02T17:30, 187, 140, 145, 136, 144, 159, 24
1970-01-02T18:00, 177, 143, 143, 141, 158, 153, 32
1970-01-02T18:30, 163, 166, 173, 133, 147, 160, 34
1970-01-02T19:00, 189, 150, 137, 179, 141, 154, 40
1970-01-02T19:30, 177, 155, 170, 170, 136, 158, 35
1970-01-02T20:00, 169, 160, 174, 155, 165, 164, 38
1970-01-02T20:30, 196, 145, 151, 136, 146, 161, 42
1970-01-02T21:00, 174, 132, 154, 145, 174, 149, 32
1970-01-02T21:30, 189, 166, 166, 169, 158, 178, 42
1970-01-02T22:00, 182, 149, 169, 150, 168, 139, 41
1970-01-02T22:30, 194, 167, 152, 149, 180, 150, 55
1970-01-02T23:00, 223, 228, 219, 208, 218, 211, 51
1970-01-02T23:30, 304, 266, 279, 281, 287, 250, 50
1970-01-03T00:00, 292, 290, 272, 261, 275, 278, 48
1970-01-03T00:30, 299, 304, 252, 264, 295, 262, 59
1970-01-03T01:00, 332, 269, 271, 263, 268, 292, 61
1970-01-03T01:30, 304, 264, 250, 250, 270, 253, 56
1970-01-03T02:00, 285, 280, 229, 262, 281, 288, 66
1970-01-03T02:30, 320, 273, 257, 274, 300, 307, 62
1970-01-03T03:00, 247, 226, 211, 220, 247, 214, 59
1970-01-03T03:30, 227, 179, 185, 191, 217, 222, 65
1970-01-03T04:00, 238, 214, 187, 229, 189, 196, 51
1970-01-03T04:30, 202, 195, 203, 211, 208, 188, 63
1970-01-03T05:00, 218, 207, 220, 182, 233, 212, 52
1970-01-03T05:30, 221, 213, 235, 204, 211, 227, 58
1970-01-03T06:00, 238, 253, 217, 211, 233, 216, 68
1970-01-03T06:30, 255, 220, 217, 220, 228, 227, 52
1970-01-03T07:00, 219, 216, 226, 207, 220, 214, 58
1970-01-03T07:30, 232, 211, 233, 195, 197, 181, 61
1970-01-03T08:00, 228, 218, 207, 199, 234, 235, 61
1970-01-03T08:30, 239, 191, 243, 215, 191, 198, 68
1970-01-03T09:00, 190, 191, 223, 184, 202, 191, 72
1970-01-03T09:30, 215, 185, 196, 200, 191, 202, 60
1970-01-03T10:00, 211, 190, 212, 213, 204, 189, 57
1970-01-03T10:30, 223, 212, 205, 205, 183, 214, 70
1970-01-03T11:00, 213, 197, 230, 215, 218, 228, 75
1970-01-03T11:30, 222, 217, 219, 247, 226, 227, 70
1970-01-03T12:00, 214, 185, 194, 201, 229, 197, 53
1970-01-03T12:30, 193, 206, 184, 207, 184, 232, 66
1970-01-03T13:00, 217, 203, 180, 194, 195, 210, 50
1970-01-03T13:30, 225, 191, 178, 181, 184, 199, 66
1970-01-03T14:00, 212, 173, 180, 183, 175, 172, 38
1970-01-03T14:30, 221, 166, 206, 161, 196, 182, 33
1970-01-03T15:00, 209, 177, 158, 137, 155, 199, 43
1970-01-03T15:30, 181, 155, 179, 165, 185, 178, 38
1970-01-03T16:00, 184, 177, 180, 177, 172, 182, 39
1970-01-03T16:30, 208, 161, 158, 158, 186, 180, 24
1970-01-03T17:00, 193, 173, 176, 180, 157, 195, 35
1970-01-03T17:30, 208, 176, 156, 181, 185, 173, 35
1970-01-03T18:00, 176, 187, 165, 181, 199, 178, 40
1970-01-03T18:30, 192, 167, 171, 179, 177, 182, 30
1970-01-03T19:00, 218, 181, 153, 154, 149, 169, 36
1970-01-03T19:30, 182, 150, 172, 172, 164, 192, 36
1970-01-03T20:00, 179, 200, 158, 183, 166, 166, 28
1970-01-03T20:30, 192, 176, 184, 174, 163, 166, 40
1970-01-03T21:00, 214, 178, 181, 182, 176, 209, 34
1970-01-03T21:30, 194, 178, 207, 189, 199, 203, 37
1970-01-03T22:00, 207, 237, 218, 201, 189, 195, 42
1970-01-03T22:30, 218, 192, 202, 220, 220, 206, 50
1970-01-03T23:00, 223, 253, 222, 213, 223, 228, 60
1970-01-03T23:30, 247, 214, 224, 210, 200, 209, 59
1970-01-04T00:00, 240, 217, 190, 213, 222, 261, 50
1970-01-04T00:30, 230, 226, 241, 225, 241, 240, 56
1970-01-04T01:00, 238, 243, 256, 229, 259, 283, 73
1970-01-04T01:30, 270, 266, 205, 243, 246, 249, 41
1970-01-04T02:00, 235, 222, 276, 239, 247, 272, 69
1970-01-04T02:30, 282, 262, 247, 260, 257, 262, 60
1970-01-04T03:00, 266, 258, 273, 274, 248, 294, 78
1970-01-04T03:30, 314, 328, 301, 281, 290, 336, 80
1970-01-04T04:00, 335, 308, 257, 301, 292, 305, 62
1970-01-04T04:30, 327, 289, 264, 290, 284, 318, 70
1970-01-04T05:00, 303, 312, 310, 308, 314, 328, 72
1970-01-04T05:30, 319, 297, 284, 293, 299, 294, 65
1970-01-04T06:00, 334, 323, 281, 284, 261, 303, 62
1970-01-04T06:30, 248, 253, 250, 263, 259, 266, 56
1970-01-04T07:00, 316, 292, 273, 300, 281, 307, 59
1970-01-04T07:30, 287, 246, 279, 271, 267, 296, 55
1970-01-04T08:00, 341, 291, 332, 242, 303, 297, 57
1970-01-04T08:30, 293, 284, 305, 288, 257, 312, 73
1970-01-04T09:00, 288, 293, 298, 302, 264, 334, 67
1970-01-04T09:30, 278, 254, 236, 242, 274, 298, 55
1970-01-04T10:00, 264, 227, 279, 254, 252, 283, 68
1970-01-04T10:30, 263, 236, 250, 223, 241, 264, 69
1970-01-04T11:00, 247, 252, 272, 245, 251, 293, 65
1970-01-04T11:30, 271, 229, 246, 242, 242, 264, 53
1970-01-04T12:00, 265, 237, 256, 246, 215, 272, 55
1970-01-04T12:30, 254, 234, 212, 206, 213, 246, 48
1970-01-04T13:00, 231, 217, 226, 194, 243, 222, 55
1970-01-04T13:30, 242, 205, 198, 190, 194, 230, 52
1970-01-04T14:00, 206, 244, 209, 188, 189, 223, 33
1970-01-04T14:30, 224, 200, 188, 191, 177, 220, 41
1970-01-04T15:00, 190, 222, 190, 171, 222, 183, 41
1970-01-04T15:30, 206, 191, 183, 205, 193, 215, 39
1970-01-04T16:00, 209, 158, 183, 188, 170, 205, 42
1970-01-04T16:30, 180, 185, 197, 186, 163, 159, 31
1970-01-04T17:00, 162, 179, 184, 198, 191, 194, 35
1970-01-04T17:30, 193, 208, 184, 166, 175, 174, 33
1970-01-04T18:00, 178, 170, 173, 189, 197, 184, 28
1970-01-04T18:30, 201, 187, 165, 177, 181, 174, 33
1970-01-04T19:00, 183, 153, 165, 167, 164, 192, 43
1970-01-04T19:30, 177, 190, 168, 176, 169, 172, 37
1970-01-04T20:00, 185, 192, 180, 168, 181, 186, 42
1970-01-04T20:30, 227, 183, 199, 168, 188, 192, 41
1970-01-04T21:00, 187, 186, 177, 148, 162, 177, 27
1970-01-04T21:30, 192, 194, 213, 204, 160, 176, 53
1970-01-04T22:00, 196, 194, 197, 159, 202, 195, 41
1970-01-04T22:30, 203, 202, 197, 203, 175, 216, 42
1970-01-04T23:00, 223, 203, 219, 196, 218, 212, 44
1970-01-04T23:30, 221, 208, 188, 203, 205, 224, 48
1970-01-05T00:00, 271, 249, 230, 243, 229, 267, 45
1970-01-05T00:30, 295, 249, 240, 254, 255, 309, 51
1970-01-05T01:00, 304, 256, 249, 260, 255, 273, 62
1970-01-05T01:30, 305, 306, 273, 234, 299, 284, 33
1970-01-05T02:00, 281, 232, 226, 231, 230, 277, 44
1970-01-05T02:30, 318, 295, 276, 274, 266, 299, 51
1970-01-05T03:00, 342, 338, 308, 315, 299, 344, 52
1970-01-05T03:30, 232, 257, 230, 248, 226, 227, 61
1970-01-05T04:00, 262, 227, 218, 217, 227, 240, 60
1970-01-05T04:30, 257, 255, 238, 207, 242, 239, 64
1970-01-05T05:00, 306, 288, 295, 286, 319, 313, 59
1970-01-05T05:30, 303, 291, 283, 275, 272, 296, 62
1970-01-05T06:00, 336, 308, 307, 291, 315, 341, 57
1970-01-05T06:30, 405, 376, 362, 359, 383, 387, 63
1970-01-05T07:00, 384, 351, 374, 343, 358, 362, 82
1970-01-05T07:30, 267, 258, 303, 275, 291, 288, 92
1970-01-05T08:00, 311, 268, 316, 286, 270, 323, 76
1970-01-05T08:30, 288, 246, 275, 253, 289, 280, 74
1970-01-05T09:00, 285, 291, 297, 267, 301, 307, 76
1970-01-05T09:30, 288, 271, 274, 253, 266, 319, 92
1970-01-05T10:00, 302, 272, 278, 312, 247, 293, 88
1970-01-05T10:30, 292, 276, 265, 298, 259, 294, 80
1970-01-05T11:00, 296, 285, 260, 256, 270, 289, 75
1970-01-05T11:30, 274, 282, 251, 236, 269, 298, 75
1970-01-05T12:00, 275, 238, 270, 218, 256, 258, 68
1970-01-05T12:30, 268, 244, 255, 275, 263, 249, 53
1970-01-05T13:00, 229, 230, 209, 206, 191, 235, 61
1970-01-05T13:30, 222, 207, 213, 195, 220, 219, 66
1970-01-05T14:00, 219, 205, 194, 201, 245, 206, 51
1970-01-05T14:30, 219, 174, 180, 184, 181, 176, 36
1970-01-05T15:00, 224, 202, 187, 185, 201, 205, 39
1970-01-05T15:30, 225, 183, 195, 158, 200, 166, 45
1970-01-05T16:00, 220, 164, 205, 172, 210, 172, 40
1970-01-05T16:30, 217, 187, 202, 190, 170, 190, 35
1970-01-05T17:00, 194, 186, 176, 212, 190, 205, 52
1970-01-05T17:30, 213, 190, 184, 163, 193, 181, 36
1970-01-05T18:00, 226, 183, 166, 184, 180, 193, 37
1970-01-05T18:30, 180, 193, 178, 184, 185, 177, 34
1970-01-05T19:00, 187, 161, 190, 186, 188, 206, 38
1970-01-05T19:30, 191, 178, 188, 192, 172, 181, 31
1970-01-05T20:00, 228, 190, 157, 176, 166, 174, 40
1970-01-05T20:30, 179, 180, 177, 189, 164, 173, 34
1970-01-05T21:00, 177, 175, 168, 179, 162, 193, 44
1970-01-05T21:30, 190, 177, 182, 190, 174, 182, 53
1970-01-05T22:00, 222, 202, 209, 192, 219, 212, 44
1970-01-05T22:30, 229, 200, 199, 210, 212, 198, 51
1970-01-05T23:00, 244, 211, 211, 224, 217, 224, 50
1970-01-05T23:30, 217, 210, 227, 204, 203, 206, 49
1970-01-06T00:00, 256, 218, 207, 256, 207, 221, 59
1970-01-06T00:30, 290, 244, 243, 224, 239, 255, 65
1970-01-06T01:00, 263, 261, 218, 270, 236, 264, 65
1970-01-06T01:30, 284, 249, 246, 224, 239, 251, 61
1970-01-06T02:00, 285, 259, 236, 209, 262, 271, 78
1970-01-06T02:30, 287, 269, 266, 279, 238, 259, 69
1970-01-06T03:00, 280, 278, 280, 275, 289, 306, 54
1970-01-06T03:30, 285, 278, 272, 254, 256, 311, 52
1970-01-06T04:00, 283, 275, 289, 303, 295, 309, 70
1970-01-06T04:30, 327, 289, 283, 281, 278, 321, 68
1970-01-06T05:00, 325, 284, 272, 280, 284, 333, 72
1970-01-06T05:30, 300, 306, 290, 247, 293, 323, 78
1970-01-06T06:00, 289, 290, 278, 304, 266, 316, 100
1970-01-06T06:30, 314, 293, 291, 266, 287, 326, 100
1970-01-06T07:00, 319, 303, 343, 312, 315, 354, 76
1970-01-06T07:30, 320, 293, 296, 275, 288, 328, 66
1970-01-06T08:00, 299, 277, 296, 282, 283, 318, 71
1970-01-06T08:30, 325, 299, 282, 266, 275, 276, 72
1970-01-06T09:00, 284, 261, 260, 292, 239, 320, 77
1970-01-06T09:30, 286, 292, 271, 238, 292, 313, 72
1970-01-06T10:00, 340, 286, 238, 243, 289, 276, 93
1970-01-06T10:30, 279, 259, 274, 277, 259, 313, 73
1970-01-06T11:00, 315, 283, 243, 299, 265, 320, 87
1970-01-06T11:30, 293, 267, 246, 242, 290, 301, 77
1970-01-06T12:00, 306, 247, 242, 252, 237, 274, 74
1970-01-06T12:30, 266, 244, 224, 236, 188, 248, 53
1970-01-06T13:00, 235, 226, 219, 219, 233, 250, 48
1970-01-06T13:30, 231, 238, 208, 209, 185, 203, 55
1970-01-06T14:00, 219, 225, 217, 184, 204, 209, 49
1970-01-06T14:30, 197, 174, 151, 197, 184, 180, 45
1970-01-06T15:00, 189, 178, 206, 164, 187, 202, 37
1970-01-06T15:30, 205, 164, 183, 189, 168, 183, 42
1970-01-06T16:00, 182, 161, 181, 171, 160, 165, 41
1970-01-06T16:30, 187, 188, 176, 175, 167, 183, 35
1970-01-06T17:00, 192, 196, 178, 163, 164, 208, 47
1970-01-06T17:30, 151, 144, 167, 155, 168, 198, 48
1970-01-06T18:00, 189, 161, 157, 149, 172, 169, 33
1970-01-06T18:30, 215, 189, 160, 155, 162, 168, 30
1970-01-06T19:00, 216, 156, 178, 193, 171, 171, 34
1970-01-06T19:30, 183, 180, 175, 156, 176, 210, 41
1970-01-06T20:00, 223, 183, 206, 194, 204, 201, 35
1970-01-06T20:30, 196, 157, 184, 181, 182, 178, 52
1970-01-06T21:00, 196, 202, 181, 187, 190, 179, 43
1970-01-06T21:30, 195, 189, 193, 184, 202, 210, 49
1970-01-06T22:00, 201, 196, 209, 217, 174, 222, 58
1970-01-06T22:30, 209, 215, 234, 223, 204, 221, 39
1970-01-06T23:00, 245, 227, 212, 251, 220, 213, 44
1970-01-06T23:30, 243, 229, 227, 232, 207, 252, 63
1970-01-07T00:00, 264, 207, 245, 244, 211, 231, 60
1970-01-07T00:30, 238, 241, 235, 216, 208, 239, 58
1970-01-07T01:00, 252, 251, 217, 259, 210, 250, 58
1970-01-07T01:30, 254, 239, 251, 222, 242, 252, 57
1970-01-07T02:00, 279, 250, 242, 223, 260, 262, 67
1970-01-07T02:30, 268, 240, 253, 245, 244, 242, 64
1970-01-07T03:00, 269, 274, 268, 250, 272, 289, 70
1970-01-07T03:30, 270, 251, 260, 264, 245, 276, 57
1970-01-07T04:00, 300, 281, 277, 248, 275, 289, 57
1970-01-07T04:30, 278, 280, 278, 275, 234, 289, 91
1970-01-07T05:00, 277, 299, 291, 259, 286, 292, 82
1970-01-07T05:30, 273, 272, 308, 287, 285, 328, 79
1970-01-07T06:00, 277, 280, 283, 260, 279, 306, 83
1970-01-07T06:30, 285, 277, 290, 255, 266, 290, 78
1970-01-07T07:00, 303, 250, 281, 285, 277, 308, 94
1970-01-07T07:30, 302, 293, 271, 273, 276, 307, 77
1970-01-07T08:00, 294, 252, 259, 307, 244, 283, 78
1970-01-07T08:30, 284, 280, 270, 242, 246, 288, 80
1970-01-07T09:00, 286, 290, 258, 258, 254, 285, 89
1970-01-07T09:30, 284, 287, 240, 249, 271, 230, 68
1970-01-07T10:00, 282, 281, 260, 277, 227, 268, 71
1970-01-07T10:30, 239, 273, 279, 255, 246, 220, 91
1970-01-07T11:00, 273, 253, 277, 253, 244, 259, 71
1970-01-07T11:30, 288, 257, 274, 253, 255, 228, 78
1970-01-07T12:00, 269, 253, 235, 240, 238, 258, 52
1970-01-07T12:30, 245, 241, 252, 231, 211, 210, 68
1970-01-07T13:00, 226, 212, 248, 241, 227, 244, 60
1970-01-07T13:30, 242, 223, 204, 198, 190, 180, 53
1970-01-07T14:00, 211, 214, 216, 225, 201, 226, 48
1970-01-07T14:30, 218, 187, 193, 187, 183, 185, 44
1970-01-07T15:00, 225, 198, 200, 232, 185, 214, 40
1970-01-07T15:30, 232, 193, 204, 178, 204, 187, 41
1970-01-07T16:00, 205, 204, 184, 174, 202, 186, 38
1970-01-07T16:30, 182, 179, 195, 158, 160, 169, 41
1970-01-07T17:00, 205, 181, 177, 189, 191, 152, 30
1970-01-07T17:30, 199, 158, 189, 178, 199, 165, 33
1970-01-07T18:00, 222, 173, 168, 181, 208, 174, 41
1970-01-07T18:30, 219, 220, 194, 224, 193, 239, 35
1970-01-07T19:00, 194, 167, 165, 183, 176, 197, 31
1970-01-07T19:30, 178, 153, 179, 163, 156, 159, 41
1970-01-07T20:00, 170, 182, 173, 150, 177, 178, 39
1970-01-07T20:30, 177, 192, 207, 188, 161, 186, 33
1970-01-07T21:00, 198, 172, 158, 166, 170, 199, 52
1970-01-07T21:30, 207, 222, 185, 212, 184, 190, 50
1970-01-07T22:00, 185, 204, 211, 214, 191, 218, 50
1970-01-07T22:30, 246, 190, 227, 178, 213, 221, 57
1970-01-07T23:00, 238, 242, 226, 188, 213, 220, 55
1970-01-07T23:30, 227, 230, 225, 240, 240, 218, 48
1970-01-08T00:00, 257, 230, 227, 194, 232, 220, 57
1970-01-08T00:30, 238, 229, 214, 204, 221, 239, 43
1970-01-08T01:00, 240, 237, 235, 232, 228, 223, 55
1970-01-08T01:30, 243, 239, 215, 210, 221, 239, 64
1970-01-08T02:00, 224, 243, 232, 233, 224, 252, 62
1970-01-08T02:30, 263, 306, 252, 214, 239, 260, 65
1970-01-08T03:00, 311, 263, 284, 280, 249, 245, 80
1970-01-08T03:30, 263, 273, 289, 253, 253, 294, 49
1970-01-08T04:00, 287, 287, 285, 278, 279, 284, 90
1970-01-08T04:30, 328, 269, 292, 267, 262, 274, 67
1970-01-08T05:00, 320, 297, 295, 255, 303, 329, 80
1970-01-08T05:30, 338, 291, 311, 286, 253, 325, 65
1970-01-08T06:00, 307, 314, 288, 290, 284, 314, 83
1970-01-08T06:30, 277, 270, 269, 277, 279, 268, 93
1970-01-08T07:00, 308, 261, 277, 258, 266, 261, 78
1970-01-08T07:30, 289, 261, 271, 251, 262, 222, 76
1970-01-08T08:00, 257, 253, 252, 261, 259, 274, 82
1970-01-08T08:30, 282, 272, 287, 256, 282, 269, 63
1970-01-08T09:00, 273, 288, 268, 251, 259, 257, 70
1970-01-08T09:30, 256, 252, 267, 218, 262, 272, 70
1970-01-08T10:00, 247, 238, 261, 232, 258, 237, 65
1970-01-08T10:30, 257, 261, 217, 236, 230, 231, 70
1970-01-08T11:00, 235, 262, 254, 239, 205, 210, 60
1970-01-08T11:30, 278, 250, 238, 253, 207, 237, 60
1970-01-08T12:00, 229, 212, 235, 227, 221, 277, 56
1970-01-08T12:30, 233, 245, 197, 224, 225, 218, 61
1970-01-08T13:00, 197, 211, 212, 231, 200, 203, 51
1970-01-08T13:30, 221, 167, 200, 196, 208, 213, 42
1970-01-08T14:00, 178, 183, 170, 187, 185, 181, 54
1970-01-08T14:30, 190, 189, 185, 172, 144, 164, 37
1970-01-08T15:00, 183, 168, 197, 174, 154, 171, 34
1970-01-08T15:30, 186, 155, 160, 183, 194, 181, 30
1970-01-08T16:00, 170, 166, 154, 134, 204, 182, 43
1970-01-08T16:30, 179, 171, 164, 148, 158, 167, 38
1970-01-08T17:00, 182, 160, 161, 168, 161, 156, 34
1970-01-08T17:30, 193, 163, 152, 147, 139, 164, 29
1970-01-08T18:00, 178, 177, 161, 148, 158, 142, 36
1970-01-08T18:30, 183, 157, 174, 140, 154, 177, 37
1970-01-08T19:00, 187, 164, 150, 161, 147, 163, 30
1970-01-08T19:30, 150, 154, 160, 167, 148, 176, 34
1970-01-08T20:00, 184, 167, 169, 149, 155, 171, 30
1970-01-08T20:30, 186, 168, 151, 156, 140, 165, 31
1970-01-08T21:00, 188, 179, 174, 174, 181, 174, 42
1970-01-08T21:30, 186, 174, 165, 158, 177, 178, 42
1970-01-08T22:00, 180, 170, 205, 163, 147, 206, 42
1970-01-08T22:30, 220, 208, 163, 188, 154, 192, 51
1970-01-08T23:00, 217, 195, 195, 175, 168, 203, 46
1970-01-08T23:30, 179, 218, 205, 178, 196, 179, 67
1970-01-09T00:00, 196, 215, 181, 202, 182, 193, 56
1970-01-09T00:30, 209, 207, 198, 183, 169, 211, 61
1970-01-09T01:00, 250, 233, 209, 204, 208, 235, 66
1970-01-09T01:30, 229, 201, 216, 181, 183, 196, 71
1970-01-09T02:00, 210, 217, 233, 205, 202, 207, 59
1970-01-09T02:30, 215, 212, 191, 200, 205, 215, 65
1970-01-09T03:00, 214, 207, 205, 191, 201, 217, 64
1970-01-09T03:30, 208, 208, 200, 193, 186, 214, 61
1970-01-09T04:00, 247, 235, 253, 245, 225, 253, 77
1970-01-09T04:30, 271, 247, 234, 222, 241, 215, 73
1970-01-09T05:00, 231, 234, 215, 239, 203, 224, 65
1970-01-09T05:30, 247, 238, 203, 232, 237, 204, 71
1970-01-09T06:00, 264, 261, 259, 216, 227, 201, 83
1970-01-09T06:30, 246, 220, 236, 235, 211, 241, 59
1970-01-09T07:00, 240, 255, 244, 243, 226, 234, 71
1970-01-09T07:30, 241, 233, 215, 248, 215, 237, 75
1970-01-09T08:00, 240, 214, 202, 239, 268, 233, 62
1970-01-09T08:30, 224, 226, 231, 225, 230, 223, 62
1970-01-09T09:00, 239, 213, 227, 223, 197, 205, 68
1970-01-09T09:30, 218, 245, 209, 231, 183, 214, 66
1970-01-09T10:00, 234, 201, 226, 228, 212, 222, 65
1970-01-09T10:30, 248, 246, 170, 222, 206, 215, 83
1970-01-09T11:00, 216, 218, 189, 234, 214, 229, 65
1970-01-09T11:30, 220, 224, 224, 203, 246, 215, 65
1970-01-09T12:00, 185, 210, 216, 202, 217, 226, 53
1970-01-09T12:30, 191, 229, 202, 207, 197, 210, 69
1970-01-09T13:00, 200, 217, 194, 205, 195, 197, 73
1970-01-09T13:30, 198, 210, 171, 184, 191, 186, 53
1970-01-09T14:00, 202, 186, 195, 178, 163, 186, 54
1970-01-09T14:30, 181, 172, 149, 166, 174, 169, 50
1970-01-09T15:00, 196, 166, 173, 164, 175, 158, 37
1970-01-09T15:30, 194, 159, 189, 161, 135, 139, 55
1970-01-09T16:00, 190, 166, 173, 179, 174, 174, 43
1970-01-09T16:30, 171, 159, 164, 168, 160, 173, 30
1970-01-09T17:00, 159, 158, 160, 176, 160, 166, 27
1970-01-09T17:30, 168, 146, 163, 169, 170, 185, 31
1970-01-09T18:00, 152, 180, 174, 169, 147, 140, 33
1970-01-09T18:30, 155, 170, 162, 170, 154, 151, 34
1970-01-09T19:00, 178, 166, 150, 143, 135, 183, 31
1970-01-09T19:30, 192, 169, 164, 159, 169, 173, 39
1970-01-09T20:00, 210, 182, 182, 171, 171, 166, 39
1970-01-09T20:30, 157, 155, 152, 155, 118, 134, 41
1970-01-09T21:00, 189, 153, 188, 188, 167, 147, 33
1970-01-09T21:30, 155, 164, 155, 151, 173, 151, 27
1970-01-09T22:00, 168, 180, 173, 175, 156, 173, 53
1970-01-09T22:30, 186, 176, 162, 166, 173, 172, 44
1970-01-09T23:00, 188, 181, 178, 181, 184, 194, 57
1970-01-09T23:30, 184, 184, 174, 163, 203, 192, 37
1970-01-10T00:00, 168, 187, 203, 194, 189, 181, 67
1970-01-10T00:30, 202, 191, 179, 179, 165, 160, 54
1970-01-10T01:00, 220, 185, 172, 193, 184, 202, 51
1970-01-10T01:30, 200, 203, 181, 184, 188, 197, 38
1970-01-10T02:00, 200, 234, 198, 197, 216, 203, 67
1970-01-10T02:30, 202, 239, 204, 181, 193, 192, 59
1970-01-10T03:00, 226, 214, 207, 201, 202, 228, 58
1970-01-10T03:30, 249, 219, 227, 212, 220, 190, 81
1970-01-10T04:00, 244, 252, 198, 210, 219, 238, 64
1970-01-10T04:30, 225, 189, 217, 197, 201, 213, 69
1970-01-10T05:00, 244, 226, 217, 245, 215, 240, 71
1970-01-10T05:30, 228, 236, 227, 227, 221, 233, 77
1970-01-10T06:00, 249, 244, 265, 239, 227, 238, 60
1970-01-10T06:30, 249, 217, 241, 211, 227, 180, 55
1970-01-10T07:00, 222, 246, 254, 200, 234, 222, 82
1970-01-10T07:30, 224, 223, 229, 239, 203, 205, 68
1970-01-10T08:00, 230, 266, 255, 240, 232, 226, 65
1970-01-10T08:30, 267, 227, 227, 215, 262, 262, 75
1970-01-10T09:00, 280, 221, 258, 242, 250, 249, 77
1970-01-10T09:30, 234, 234, 211, 226, 230, 249, 52
1970-01-10T10:00, 219, 251, 230, 220, 242, 249, 74
1970-01-10T10:30, 264, 245, 226, 231, 176, 253, 96
1970-01-10T11:00, 248, 231, 208, 230, 222, 252, 70
1970-01-10T11:30, 263, 237, 220, 202, 231, 224, 52
1970-01-10T12:00, 234, 205, 206, 203, 197, 206, 65
1970-01-10T12:30, 223, 196, 191, 180, 201, 210, 57
1970-01-10T13:00, 209, 187, 197, 183, 197, 199, 56
1970-01-10T13:30, 187, 187, 153, 205, 184, 166, 38
1970-01-10T14:00, 176, 169, 179, 166, 146, 163, 37
1970-01-10T14:30, 192, 164, 179, 177, 190, 221, 46
1970-01-10T15:00, 193, 161, 200, 169, 165, 182, 45
1970-01-10T15:30, 152, 191, 157, 177, 169, 155, 34
1970-01-10T16:00, 217, 167, 171, 168, 184, 171, 35
1970-01-10T16:30, 195, 175, 141, 168, 144, 160, 35
1970-01-10T17:00, 214, 181, 164, 162, 155, 158, 33
1970-01-10T17:30, 170, 174, 156, 163, 179, 145, 30
1970-01-10T18:00, 173, 174, 162, 165, 160, 174, 30
1970-01-10T18:30, 189, 175, 185, 165, 158, 170, 34
1970-01-10T19:00, 181, 193, 184, 200, 158, 166, 36
1970-01-10T19:30, 194, 203, 174, 189, 153, 194, 32
1970-01-10T20:00, 188, 178, 157, 176, 185, 178, 43
1970-01-10T20:30, 200, 180, 206, 175, 167, 158, 44
1970-01-10T21:00, 202, 190, 174, 182, 192, 181, 50
1970-01-10T21:30, 205, 211, 191, 205, 185, 203, 51
1970-01-10T22:00, 227, 215, 222, 222, 221, 231, 57
1970-01-10T22:30, 255, 244, 213, 229, 200, 223, 58
1970-01-10T23:00, 247, 237, 232, 212, 233, 245, 60
1970-01-10T23:30, 217, 240, 216, 199, 228, 237, 55
1970-01-11T00:00, 256, 239, 216, 230, 240, 232, 65
1970-01-11T00:30, 219, 215, 210, 198, 207, 224, 51
1970-01-11T01:00, 244, 251, 262, 245, 251, 237, 62
1970-01-11T01:30, 250, 235, 242, 242, 237, 250, 70
1970-01-11T02:00, 298, 265, 274, 246, 268, 240, 60
1970-01-11T02:30, 258, 264, 282, 240, 254, 272, 65
1970-01-11T03:00, 305, 291, 290, 280, 269, 298, 62
1970-01-11T03:30, 310, 282, 275, 286, 246, 301, 70
1970-01-11T04:00, 349, 316, 298, 325, 301, 312, 63
1970-01-11T04:30, 343, 298, 303, 283, 306, 309, 81
1970-01-11T05:00, 300, 277, 280, 304, 287, 342, 84
1970-01-11T05:30, 346, 293, 296, 299, 308, 326, 76
1970-01-11T06:00, 325, 332, 313, 284, 299, 346, 61
1970-01-11T06:30, 327, 310, 278, 285, 297, 269, 75
1970-01-11T07:00, 309, 291, 321, 305, 318, 318, 84
1970-01-11T07:30, 265, 259, 282, 309, 268, 302, 78
1970-01-11T08:00, 333, 297, 294, 262, 272, 293, 102
1970-01-11T08:30, 285, 275, 275, 282, 271, 269, 82
1970-01-11T09:00, 307, 302, 279, 282, 264, 283, 73
1970-01-11T09:30, 278, 272, 276, 261, 234, 255, 91
1970-01-11T10:00, 275, 262, 271, 281, 276, 287, 91
1970-01-11T10:30, 242, 238, 263, 263, 274, 270, 90
1970-01-11T11:00, 303, 313, 240, 261, 265, 253, 75
1970-01-11T11:30, 251, 261, 252, 254, 258, 244, 92
1970-01-11T12:00, 269, 228, 256, 265, 232, 261, 73
1970-01-11T12:30, 215, 238, 243, 211, 216, 242, 65
1970-01-11T13:00, 227, 242, 231, 228, 230, 223, 51
1970-01-11T13:30, 239, 222, 218, 217, 215, 235, 51
1970-01-11T14:00, 210, 226, 218, 205, 194, 202, 36
1970-01-11T14:30, 200, 201, 224, 217, 186, 191, 40
1970-01-11T15:00, 202, 204, 214, 186, 196, 210, 49
1970-01-11T15:30, 191, 170, 175, 168, 175, 191, 42
1970-01-11T16:00, 182, 168, 159, 184, 166, 171, 37
1970-01-11T16:30, 192, 163, 181, 199, 154, 169, 34
1970-01-11T17:00, 171, 165, 170, 164, 172, 165, 41
1970-01-11T17:30, 186, 146, 158, 128, 173, 154, 33
1970-01-11T18:00, 164, 202, 184, 146, 160, 155, 32
1970-01-11T18:30, 171, 159, 153, 152, 172, 168, 32
1970-01-11T19:00, 166, 174, 167, 146, 181, 177, 41
1970-01-11T19:30, 208, 203, 174, 173, 152, 157, 32
1970-01-11T20:00, 194, 170, 184, 162, 172, 188, 29
1970-01-11T20:30, 197, 164, 186, 153, 159, 161, 41
1970-01-11T21:00, 191, 152, 185, 167, 171, 203, 44
1970-01-11T21:30, 211, 207, 177, 179, 174, 202, 57
1970-01-11T22:00, 224, 222, 210, 223, 228, 213, 50
1970-01-11T22:30, 246, 205, 205, 229, 202, 201, 57
1970-01-11T23:00, 208, 215, 191, 231, 212, 251, 41
1970-01-11T23:30, 213, 216, 226, 190, 216, 235, 36
1970-01-12T00:00, 268, 237, 229, 224, 223, 239, 56
1970-01-12T00:30, 261, 252, 230, 242, 255, 259, 59
1970-01-12T01:00, 261, 281, 259, 238, 252, 262, 76
1970-01-12T01:30, 261, 272, 265, 245, 225, 238, 45
1970-01-12T02:00, 287, 258, 231, 261, 266, 283, 59
1970-01-12T02:30, 292, 289, 286, 294, 262, 275, 79
1970-01-12T03:00, 354, 288, 304, 289, 312, 298, 69
1970-01-12T03:30, 336, 303, 278, 265, 278, 297, 67
1970-01-12T04:00, 354, 321, 301, 284, 282, 339, 63
1970-01-12T04:30, 336, 339, 289, 307, 331, 309, 85
1970-01-12T05:00, 337, 297, 345, 311, 344, 310, 76
1970-01-12T05:30, 321, 342, 339, 337, 292, 331, 78
1970-01-12T06:00, 316, 314, 296, 294, 278, 335, 67
1970-01-12T06:30, 325, 324, 309, 284, 334, 302, 80
1970-01-12T07:00, 298, 296, 290, 292, 289, 313, 80
1970-01-12T07:30, 317, 299, 298, 289, 282, 302, 94
1970-01-12T08:00, 294, 297, 291, 256, 304, 289, 83
1970-01-12T08:30, 356, 317, 309, 269, 252, 310, 88
1970-01-12T09:00, 339, 314, 290, 288, 326, 318, 85
1970-01-12T09:30, 362, 294, 337, 325, 286, 308, 78
1970-01-12T10:00, 348, 311, 306, 298, 288, 323, 76
1970-01-12T10:30, 320, 316, 315, 265, 279, 299, 101
1970-01-12T11:00, 296, 274, 266, 289, 281, 339, 90
1970-01-12T11:30, 290, 275, 279, 290, 259, 260, 81
1970-01-12T12:00, 284, 313, 276, 277, 265, 297, 66
1970-01-12T12:30, 283, 255, 242, 226, 250, 294, 76
1970-01-12T13:00, 260, 240, 256, 242, 224, 238, 69
1970-01-12T13:30, 244, 260, 244, 225, 249, 257, 61
1970-01-12T14:00, 246, 262, 245, 235, 213, 244, 58
1970-01-12T14:30, 254, 215, 224, 215, 198, 187, 45
1970-01-12T15:00, 249, 198, 188, 232, 194, 202, 46
1970-01-12T15:30, 217, 201, 222, 227, 195, 212, 42
1970-01-12T16:00, 221, 205, 209, 232, 195, 208, 46
1970-01-12T16:30, 256, 187, 201, 212, 195, 201, 47
1970-01-12T17:00, 222, 217, 204, 221, 192, 219, 48
1970-01-12T17:30, 211, 200, 226, 237, 207, 202, 32
1970-01-12T18:00, 203, 203, 221, 221, 199, 212, 32
1970-01-12T18:30, 165, 164, 132, 139, 149, 179, 25
1970-01-12T19:00, 160, 157, 154, 156, 169, 179, 32
1970-01-12T19:30, 187, 173, 155, 151, 158, 157, 36
1970-01-12T20:00, 188, 167, 172, 179, 170, 175, 37
1970-01-12T20:30, 190, 176, 148, 146, 142, 197, 49
1970-01-12T21:00, 210, 169, 164, 163, 167, 175, 41
1970-01-12T21:30, 164, 167, 181, 176, 176, 214, 47
1970-01-12T22:00, 182, 168, 179, 179, 180, 190, 52
1970-01-12T22:30, 215, 186, 189, 195, 198, 194, 52
1970-01-12T23:00, 201, 190, 169, 206, 193, 208, 54
1970-01-12T23:30, 239, 211, 201, 209, 175, 208, 48
1970-01-13T00:00, 239, 213, 218, 181, 215, 207, 72
1970-01-13T00:30, 240, 210, 222, 213, 217, 204, 61
1970-01-13T01:00, 238, 239, 214, 225, 218, 251, 54
1970-01-13T01:30, 247, 261, 229, 236, 192, 231, 56
1970-01-13T02:00, 244, 212, 237, 202, 249, 237, 67
1970-01-13T02:30, 265, 267, 241, 233, 242, 270, 60
1970-01-13T03:00, 275, 291, 260, 239, 278, 261, 70
1970-01-13T03:30, 291, 302, 289, 271, 275, 279, 81
1970-01-13T04:00, 294, 273, 270, 276, 263, 288, 84
1970-01-13T04:30, 291, 278, 243, 270, 264, 320, 83
1970-01-13T05:00, 268, 281, 287, 267, 285, 308, 84
1970-01-13T05:30, 282, 263, 272, 292, 275, 295, 63
1970-01-13T06:00, 275, 270, 270, 265, 250, 247, 79
1970-01-13T06:30, 307, 285, 265, 269, 269, 291, 79
1970-01-13T07:00, 325, 303, 304, 316, 315, 324, 83
1970-01-13T07:30, 285, 283, 269, 273, 256, 262, 70
1970-01-13T08:00, 258, 251, 254, 253, 256, 241, 80
1970-01-13T08:30, 300, 257, 247, 250, 258, 240, 69
1970-01-13T09:00, 271, 221, 245, 277, 280, 261, 86
1970-01-13T09:30, 237, 292, 256, 264, 241, 265, 70
1970-01-13T10:00, 244, 240, 245, 251, 243, 273, 81
1970-01-13T10:30, 226, 240, 245, 285, 226, 241, 83
1970-01-13T11:00, 273, 246, 217, 247, 249, 239, 78
1970-01-13T11:30, 244, 237, 244, 225, 256, 226, 97
1970-01-13T12:00, 241, 223, 247, 223, 239, 225, 79
1970-01-13T12:30, 238, 256, 214, 217, 236, 229, 57
1970-01-13T13:00, 205, 259, 218, 228, 223, 221, 62
1970-01-13T13:30, 211, 202, 205, 169, 205, 190, 58
1970-01-13T14:00, 230, 192, 211, 182, 213, 219, 54
1970-01-13T14:30, 197, 185, 171, 176, 178, 178, 42
1970-01-13T15:00, 184, 179, 166, 179, 185, 208, 60
1970-01-13T15:30, 175, 187, 190, 159, 186, 168, 44
1970-01-13T16:00, 174, 168, 182, 158, 187, 200, 42
1970-01-13T16:30, 189, 173, 194, 156, 171, 155, 43
1970-01-13T17:00, 189, 163, 193, 163, 160, 159, 35
1970-01-13T17:30, 152, 164, 141, 172, 133, 162, 23
1970-01-13T18:00, 193, 192, 167, 153, 161, 143, 33
1970-01-13T18:30, 170, 149, 166, 189, 161, 164, 37
1970-01-13T19:00, 142, 171, 183, 171, 149, 168, 36
1970-01-13T19:30, 168, 151, 150, 174, 131, 149, 38
1970-01-13T20:00, 168, 174, 175, 177, 140, 146, 36
1970-01-13T20:30, 202, 148, 180, 169, 148, 168, 48
1970-01-13T21:00, 169, 197, 184, 174, 204, 164, 57
1970-01-13T21:30, 202, 176, 183, 155, 162, 185, 48
1970-01-13T22:00, 189, 186, 196, 190, 188, 190, 57
1970-01-13T22:30, 219, 199, 207, 192, 194, 205, 48
1970-01-13T23:00, 215, 198, 192, 198, 190, 200, 59
1970-01-13T23:30, 200, 219, 195, 177, 195, 220, 50
1970-01-14T00:00, 211, 216, 206, 177, 183, 198, 78
1970-01-14T00:30, 217, 192, 202, 194, 208, 223, 54
1970-01-14T01:00, 251, 222, 218, 197, 222, 213, 76
1970-01-14T01:30, 257, 231, 200, 243, 219, 268, 53
1970-01-14T02:00, 252, 244, 211, 227, 238, 231, 76
1970-01-14T02:30, 254, 231, 246, 248, 231, 235, 59
1970-01-14T03:00, 268, 265, 247, 263, 251, 251, 68
1970-01-14T03:30, 251, 269, 261, 245, 254, 244, 65
1970-01-14T04:00, 312, 235, 257, 280, 249, 245, 62
1970-01-14T04:30, 280, 256, 267, 268, 246, 282, 78
1970-01-14T05:00, 283, 222, 253, 273, 248, 276, 80
1970-01-14T05:30, 248, 267, 274, 282, 275, 274, 76
1970-01-14T06:00, 273, 287, 261, 264, 256, 289, 75
1970-01-14T06:30, 645, 732, 678, 731, 631, 753, 51
1970-01-14T07:00, 959, 1045, 1045, 1054, 969, 1060, 89
1970-01-14T07:30, 269, 232, 229, 275, 279, 285, 74
1970-01-14T08:00, 264, 254, 261, 233, 241, 277, 86
1970-01-14T08:30, 1344, 1342, 1277, 1317, 1393, 1422, 115
1970-01-14T09:00, 750, 801, 794, 807, 811, 813, 76
1970-01-14T09:30, 628, 592, 590, 611, 637, 618, 107
1970-01-14T10:00, 230, 229, 202, 231, 198, 240, 68
1970-01-14T10:30, 216, 216, 201, 215, 212, 207, 82
1970-01-14T11:00, 211, 218, 215, 215, 205, 196, 71
1970-01-14T11:30, 206, 211, 196, 202, 214, 187, 74
1970-01-14T12:00, 212, 192, 232, 218, 207, 195, 59
1970-01-14T12:30, 191, 192, 187, 209, 180, 185, 68
1970-01-14T13:00, 209, 175, 177, 191, 189, 178, 55
1970-01-14T13:30, 164, 173, 165, 164, 146, 163, 47
1970-01-14T14:00, 182, 160, 181, 200, 171, 163, 34
1970-01-14T14:30, 167, 143, 149, 166, 174, 165, 33
1970-01-14T15:00, 155, 126, 137, 135, 125, 121, 38
1970-01-14T15:30, 162, 147, 133, 186, 126, 123, 34
1970-01-14T16:00, 146, 143, 162, 141, 139, 146, 33
1970-01-14T16:30, 170, 150, 145, 156, 136, 167, 27
1970-01-14T17:00, 149, 154, 135, 163, 125, 136, 29
1970-01-14T17:30, 158, 147, 158, 145, 146, 140, 25
1970-01-14T18:00, 180, 159, 130, 133, 128, 161, 38
1970-01-14T18:30, 172, 153, 161, 138, 142, 157, 25
1970-01-14T19:00, 143, 168, 150, 131, 162, 127, 33
1970-01-14T19:30, 141, 130, 159, 159, 142, 121, 36
1970-01-14T20:00, 155, 154, 156, 151, 156, 141, 33
1970-01-14T20:30, 163, 158, 164, 179, 135, 146, 35
1970-01-14T21:00, 176, 146, 151, 168, 173, 168, 43
1970-01-14T21:30, 177, 175, 169, 168, 151, 159, 40
1970-01-14T22:00, 184, 195, 172, 169, 204, 205, 51
1970-01-14T22:30, 221, 184, 182, 164, 184, 196, 48
1970-01-14T23:00, 221, 200, 209, 188, 165, 194, 54
1970-01-14T23:30, 209, 184, 197, 188, 186, 176, 47
1970-01-15T00:00, 217, 207, 192, 202, 216, 226, 56
1970-01-15T00:30, 238, 231, 215, 230, 213, 221, 45
1970-01-15T01:00, 207, 231, 215, 217, 185, 201, 53
1970-01-15T01:30, 252, 196, 216, 195, 201, 229, 49
1970-01-15T02:00, 221, 215, 203, 250, 220, 211, 64
1970-01-15T02:30, 242, 246, 233, 221, 203, 202, 79
1970-01-15T03:00, 224, 203, 233, 207, 227, 255, 70
1970-01-15T03:30, 236, 195, 212, 201, 228, 216, 54
1970-01-15T04:00, 254, 241, 219, 216, 245, 232, 60
1970-01-15T04:30, 250, 207, 221, 237, 251, 244, 56
1970-01-15T05:00, 239, 248, 240, 250, 218, 227, 72
1970-01-15T05:30, 253, 199, 232, 223, 227, 246, 67
1970-01-15T06:00, 255, 250, 239, 245, 206, 250, 53
1970-01-15T06:30, 238, 222, 213, 211, 213, 229, 51
1970-01-15T07:00, 207, 198, 215, 226, 189, 206, 56
1970-01-15T07:30, 233, 213, 216, 211, 206, 220, 53
1970-01-15T08:00, 186, 171, 161, 141, 155, 169, 47
1970-01-15T08:30, 178, 167, 154, 191, 160, 192, 64
1970-01-15T09:00, 229, 209, 226, 172, 205, 202, 54
1970-01-15T09:30, 239, 206, 202, 193, 202, 194, 61
1970-01-15T10:00, 451, 455, 418, 447, 437, 417, 80
1970-01-15T10:30, 421, 453, 402, 403, 441, 470, 92
1970-01-15T11:00, 201, 192, 209, 185, 207, 198, 69
1970-01-15T11:30, 189, 182, 193, 222, 196, 166, 57
1970-01-15T12:00, 180, 180, 186, 210, 182, 183, 62
1970-01-15T12:30, 218, 183, 198, 203, 171, 185, 57
1970-01-15T13:00, 204, 170, 158, 182, 198, 176, 55
1970-01-15T13:30, 181, 194, 178, 171, 157, 148, 42
1970-01-15T14:00, 145, 153, 164, 133, 146, 155, 37
1970-01-15T14:30, 170, 141, 150, 153, 139, 156, 28
1970-01-15T15:00, 157, 141, 135, 152, 142, 153, 46
1970-01-15T15:30, 152, 122, 159, 149, 124, 147, 36
1970-01-15T16:00, 149, 157, 164, 141, 149, 143, 35
1970-01-15T16:30, 182, 130, 136, 143, 155, 132, 31
1970-01-15T17:00, 148, 160, 154, 158, 152, 149, 34
1970-01-15T17:30, 137, 112, 122, 119, 121, 137, 19
1970-01-15T18:00, 136, 143, 126, 120, 127, 127, 32
1970-01-15T18:30, 144, 128, 125, 103, 118, 111, 21
1970-01-15T19:00, 132, 112, 112, 89, 110, 120, 23
1970-01-15T19:30, 131, 114, 119, 117, 103, 105, 30
1970-01-15T20:00, 137, 108, 112, 128, 98, 121, 33
1970-01-15T20:30, 128, 115, 137, 103, 104, 110, 29
1970-01-15T21:00, 126, 148, 117, 127, 124, 127, 32
1970-01-15T21:30, 158, 137, 145, 133, 122, 137, 43
1970-01-15T22:00, 145, 120, 136, 137, 140, 110, 39
1970-01-15T22:30, 183, 154, 172, 146, 131, 145, 43
1970-01-15T23:00, 166, 141, 172, 128, 141, 167, 40
1970-01-15T23:30, 152, 154, 145, 139, 140, 144, 35
1970-01-16T00:00, 169, 156, 160, 146, 160, 173, 48
1970-01-16T00:30, 183, 147, 152, 171, 178, 144, 53
1970-01-16T01:00, 203, 192, 179, 165, 162, 174, 56
1970-01-16T01:30, 191, 200, 154, 178, 164, 163, 38
1970-01-16T02:00, 195, 174, 178, 169, 179, 168, 60
1970-01-16T02:30, 177, 211, 194, 192, 172, 167, 58
1970-01-16T03:00, 187, 210, 169, 181, 160, 187, 65
1970-01-16T03:30, 180, 170, 170, 178, 175, 146, 63
1970-01-16T04:00, 194, 141, 162, 182, 169, 174, 55
1970-01-16T04:30, 181, 130, 152, 166, 155, 160, 45
1970-01-16T05:00, 193, 198, 161, 155, 150, 168, 63
1970-01-16T05:30, 191, 192, 185, 174, 157, 164, 52
1970-01-16T06:00, 202, 168, 161, 193, 172, 199, 53
1970-01-16T06:30, 177, 190, 185, 169, 174, 187, 68
1970-01-16T07:00, 177, 221, 155, 187, 157, 187, 58
1970-01-16T07:30, 200, 178, 164, 192, 163, 168, 49
1970-01-16T08:00, 176, 158, 165, 162, 170, 189, 64
1970-01-16T08:30, 193, 190, 183, 201, 171, 195, 57
1970-01-16T09:00, 199, 175, 182, 170, 172, 192, 62
1970-01-16T09:30, 192, 152, 159, 182, 182, 166, 54
1970-01-16T10:00, 167, 162, 173, 168, 163, 175, 43
1970-01-16T10:30, 169, 179, 151, 187, 164, 174, 47
1970-01-16T11:00, 177, 160, 206, 161, 162, 160, 62
1970-01-16T11:30, 186, 149, 142, 176, 149, 158, 59
1970-01-16T12:00, 172, 166, 156, 161, 147, 158, 40
1970-01-16T12:30, 171, 152, 169, 162, 152, 189, 49
1970-01-16T13:00, 174, 155, 165, 173, 150, 143, 39
1970-01-16T13:30, 144, 168, 157, 142, 136, 148, 31
1970-01-16T14:00, 148, 155, 114, 140, 145, 132, 45
1970-01-16T14:30, 147, 118, 133, 120, 139, 145, 45
1970-01-16T15:00, 137, 137, 140, 138, 134, 131, 34
1970-01-16T15:30, 128, 105, 151, 136, 127, 111, 19
1970-01-16T16:00, 125, 124, 125, 138, 134, 134, 38
1970-01-16T16:30, 145, 119, 114, 127, 154, 128, 25
1970-01-16T17:00, 138, 146, 128, 121, 139, 122, 33
1970-01-16T17:30, 129, 152, 155, 120, 116, 113, 27
1970-01-16T18:00, 115, 114, 128, 140, 115, 105, 18
1970-01-16T18:30, 114, 122, 122, 108, 97, 114, 24
1970-01-16T19:00, 126, 106, 105, 99, 95, 107, 29
1970-01-16T19:30, 125, 118, 117, 112, 106, 109, 14
1970-01-16T20:00, 116, 93, 106, 109, 98, 96, 25
1970-01-16T20:30, 150, 120, 95, 98, 105, 107, 26
1970-01-16T21:00, 139, 137, 118, 130, 117, 127, 31
1970-01-16T21:30, 137, 139, 143, 119, 106, 118, 33
1970-01-16T22:00, 154, 127, 143, 144, 125, 126, 37
1970-01-16T22:30, 150, 141, 122, 132, 118, 141, 50
1970-01-16T23:00, 162, 159, 142, 161, 172, 133, 45
1970-01-16T23:30, 146, 139, 147, 147, 166, 157, 43
1970-01-17T00:00, 150, 141, 143, 145, 125, 161, 45
1970-01-17T00:30, 180, 142, 174, 145, 139, 149, 57
1970-01-17T01:00, 160, 181, 137, 171, 145, 169, 47
1970-01-17T01:30, 159, 181, 150, 178, 137, 159, 46
1970-01-17T02:00, 183, 146, 165, 148, 144, 140, 44
1970-01-17T02:30, 166, 189, 163, 163, 153, 146, 53
1970-01-17T03:00, 156, 175, 173, 147, 166, 145, 59
1970-01-17T03:30, 168, 140, 159, 151, 152, 151, 44
1970-01-17T04:00, 173, 162, 157, 167, 170, 188, 48
1970-01-17T04:30, 177, 167, 152, 148, 171, 181, 49
1970-01-17T05:00, 213, 158, 163, 178, 167, 183, 50
1970-01-17T05:30, 176, 190, 161, 168, 167, 183, 50
1970-01-17T06:00, 172, 181, 140, 167, 173, 170, 44
1970-01-17T06:30, 203, 178, 163, 178, 145, 172, 45
1970-01-17T07:00, 177, 162, 161, 181, 162, 181, 59
1970-01-17T07:30, 170, 170, 170, 184, 154, 152, 60
1970-01-17T08:00, 172, 165, 155, 175, 168, 138, 41
1970-01-17T08:30, 184, 164, 179, 181, 174, 161, 66
1970-01-17T09:00, 161, 183, 173, 177, 167, 174, 57
1970-01-17T09:30, 163, 198, 189, 156, 176, 187, 49
1970-01-17T10:00, 164, 161, 171, 197, 192, 159, 55
1970-01-17T10:30, 179, 181, 209, 181, 164, 186, 64
1970-01-17T11:00, 143, 161, 154, 167, 172, 145, 49
1970-01-17T11:30, 158, 154, 182, 164, 176, 182, 71
1970-01-17T12:00, 164, 184, 157, 154, 148, 166, 56
1970-01-17T12:30, 169, 176, 166, 175, 167, 184, 41
1970-01-17T13:00, 185, 134, 172, 175, 153, 139, 45
1970-01-17T13:30, 167, 156, 152, 144, 123, 140, 40
1970-01-17T14:00, 138, 138, 133, 137, 154, 140, 32
1970-01-17T14:30, 151, 137, 132, 148, 144, 137, 37
1970-01-17T15:00, 137, 153, 151, 147, 143, 135, 31
1970-01-17T15:30, 138, 130, 120, 136, 134, 150, 24
1970-01-17T16:00, 127, 131, 111, 142, 157, 140, 29
1970-01-17T16:30, 128, 161, 133, 140, 156, 119, 12
1970-01-17T17:00, 145, 150, 141, 146, 126, 129, 28
1970-01-17T17:30, 149, 135, 121, 114, 133, 133, 33
1970-01-17T18:00, 129, 135, 112, 120, 115, 112, 30
1970-01-17T18:30, 116, 113, 114, 113, 107, 133, 22
1970-01-17T19:00, 121, 103, 114, 118, 117, 116, 19
1970-01-17T19:30, 128, 126, 123, 86, 111, 122, 20
1970-01-17T20:00, 121, 110, 114, 137, 122, 129, 30
1970-01-17T20:30, 136, 114, 130, 148, 124, 146, 37
1970-01-17T21:00, 164, 123, 133, 135, 122, 144, 33
1970-01-17T21:30, 162, 148, 135, 147, 132, 147, 48
1970-01-17T22:00, 174, 160, 153, 151, 155, 148, 38
1970-01-17T22:30, 181, 161, 150, 154, 171, 159, 49
1970-01-17T23:00, 264, 167, 183, 202, 195, 201, 61
1970-01-17T23:30, 198, 207, 185, 189, 163, 202, 75
1970-01-18T00:00, 193, 216, 178, 200, 213, 210, 56
1970-01-18T00:30, 225, 217, 198, 199, 187, 213, 61
1970-01-18T01:00, 243, 192, 225, 225, 191, 208, 62
1970-01-18T01:30, 214, 229, 215, 193, 209, 207, 74
1970-01-18T02:00, 200, 230, 216, 209, 243, 236, 66
1970-01-18T02:30, 231, 229, 218, 204, 190, 222, 68
1970-01-18T03:00, 228, 249, 218, 229, 239, 229, 63
1970-01-18T03:30, 226, 210, 208, 223, 218, 225, 64
1970-01-18T04:00, 225, 197, 225, 239, 221, 253, 78
1970-01-18T04:30, 233, 236, 218, 247, 230, 209, 62
1970-01-18T05:00, 223, 232, 266, 240, 219, 230, 52
1970-01-18T05:30, 247, 225, 216, 261, 240, 234, 61
1970-01-18T06:00, 223, 252, 233, 222, 232, 233, 68
1970-01-18T06:30, 256, 239, 236, 208, 242, 260, 83
1970-01-18T07:00, 230, 217, 239, 235, 231, 249, 78
1970-01-18T07:30, 236, 209, 208, 234, 244, 248, 61
1970-01-18T08:00, 233, 207, 212, 225, 224, 199, 54
1970-01-18T08:30, 262, 192, 216, 194, 183, 187, 55
1970-01-18T09:00, 237, 203, 215, 217, 161, 226, 75
1970-01-18T09:30, 187, 200, 204, 172, 181, 204, 61
1970-01-18T10:00, 164, 214, 213, 195, 182, 201, 60
1970-01-18T10:30, 240, 205, 188, 198, 213, 167, 66
1970-01-18T11:00, 196, 187, 194, 201, 207, 192, 65
1970-01-18T11:30, 192, 156, 186, 203, 185, 198, 54
1970-01-18T12:00, 177, 181, 175, 169, 188, 185, 39
1970-01-18T12:30, 200, 172, 173, 162, 190, 205, 57
1970-01-18T13:00, 173, 152, 174, 153, 184, 189, 51
1970-01-18T13:30, 179, 136, 159, 154, 175, 175, 41
1970-01-18T14:00, 147, 162, 157, 167, 147, 172, 36
1970-01-18T14:30, 156, 147, 134, 147, 147, 170, 38
1970-01-18T15:00, 160, 129, 151, 154, 136, 140, 36
1970-01-18T15:30, 162, 164, 152, 143, 134, 147, 30
1970-01-18T16:00, 152, 128, 120, 123, 152, 175, 19
1970-01-18T16:30, 158, 133, 131, 125, 136, 134, 38
1970-01-18T17:00, 152, 139, 142, 156, 135, 154, 35
1970-01-18T17:30, 152, 134, 113, 134, 121, 159, 23
1970-01-18T18:00, 156, 173, 165, 174, 153, 165, 34
1970-01-18T18:30, 171, 191, 162, 170, 166, 177, 50
1970-01-18T19:00, 178, 162, 151, 180, 168, 145, 40
1970-01-18T19:30, 167, 182, 148, 169, 146, 180, 34
1970-01-18T20:00, 190, 172, 162, 181, 158, 177, 39
1970-01-18T20:30, 179, 151, 143, 140, 174, 168, 44
1970-01-18T21:00, 219, 187, 180, 180, 170, 203, 69
1970-01-18T21:30, 202, 189, 184, 187, 180, 184, 45
1970-01-18T22:00, 184, 176, 195, 185, 178, 170, 36
1970-01-18T22:30, 197, 212, 169, 203, 177, 198, 55
1970-01-18T23:00, 212, 189, 191, 191, 174, 183, 43
1970-01-18T23:30, 217, 171, 174, 202, 176, 184, 49
1970-01-19T00:00, 204, 208, 189, 201, 177, 195, 52
1970-01-19T00:30, 190, 207, 178, 191, 200, 209, 51
1970-01-19T01:00, 231, 215, 203, 226, 216, 207, 58
1970-01-19T01:30, 232, 208, 200, 202, 196, 176, 57
1970-01-19T02:00, 263, 199, 213, 195, 217, 219, 58
1970-01-19T02:30, 218, 235, 207, 240, 212, 218, 69
1970-01-19T03:00, 230, 203, 209, 214, 218, 219, 60
1970-01-19T03:30, 266, 215, 225, 245, 235, 202, 68
1970-01-19T04:00, 275, 235, 214, 253, 259, 242, 70
1970-01-19T04:30, 268, 255, 217, 247, 220, 241, 71
1970-01-19T05:00, 277, 251, 262, 242, 257, 243, 70
1970-01-19T05:30, 242, 227, 224, 233, 240, 239, 70
1970-01-19T06:00, 255, 231, 272, 201, 253, 248, 58
1970-01-19T06:30, 236, 222, 222, 204, 223, 238, 79
1970-01-19T07:00, 261, 227, 209, 241, 236, 215, 69
1970-01-19T07:30, 269, 227, 232, 228, 225, 211, 73
1970-01-19T08:00, 254, 262, 235, 234, 247, 247, 67
1970-01-19T08:30, 242, 212, 193, 226, 221, 235, 57
1970-01-19T09:00, 245, 225, 215, 227, 239, 222, 71
1970-01-19T09:30, 232, 206, 249, 203, 225, 223, 71
1970-01-19T10:00, 245, 234, 218, 234, 243, 239, 72
1970-01-19T10:30, 240, 220, 211, 223, 222, 233, 73
1970-01-19T11:00, 218, 228, 192, 225, 217, 221, 72
1970-01-19T11:30, 208, 214, 217, 230, 215, 227, 57
1970-01-19T12:00, 181, 190, 232, 206, 187, 193, 69
1970-01-19T12:30, 196, 182, 176, 200, 183, 175, 55
1970-01-19T13:00, 207, 199, 184, 174, 198, 181, 48
1970-01-19T13:30, 197, 201, 182, 192, 187, 174, 48
1970-01-19T14:00, 205, 154, 161, 203, 163, 194, 47
1970-01-19T14:30, 181, 189, 163, 157, 154, 178, 41
1970-01-19T15:00, 162, 181, 171, 148, 169, 165, 34
1970-01-19T15:30, 147, 148, 109, 142, 140, 120, 25
1970-01-19T16:00, 170, 160, 166, 152, 148, 148, 26
1970-01-19T16:30, 163, 159, 138, 154, 151, 144, 31
1970-01-19T17:00, 168, 161, 139, 132, 152, 169, 32
1970-01-19T17:30, 179, 152, 149, 143, 152, 147, 40
1970-01-19T18:00, 173, 136, 152, 154, 149, 154, 23
1970-01-19T18:30, 148, 147, 158, 149, 146, 147, 28
1970-01-19T19:00, 145, 158, 152, 150, 142, 143, 26
1970-01-19T19:30, 160, 146, 159, 145, 150, 130, 33
1970-01-19T20:00, 163, 163, 160, 139, 155, 143, 37
1970-01-19T20:30, 179, 176, 164, 144, 159, 150, 49
1970-01-19T21:00, 167, 178, 161, 168, 180, 164, 41
1970-01-19T21:30, 183, 184, 202, 178, 193, 156, 44
1970-01-19T22:00, 213, 189, 162, 186, 206, 190, 52
1970-01-19T22:30, 207, 193, 176, 215, 214, 184, 58
1970-01-19T23:00, 225, 192, 187, 173, 205, 191, 57
1970-01-19T23:30, 261, 290, 250, 274, 271, 255, 65
1970-01-20T00:00, 211, 214, 225, 232, 219, 233, 64
1970-01-20T00:30, 206, 207, 178, 181, 201, 166, 60
1970-01-20T01:00, 231, 209, 216, 235, 205, 216, 64
1970-01-20T01:30, 246, 210, 218, 196, 210, 222, 56
1970-01-20T02:00, 220, 209, 216, 192, 194, 216, 73
1970-01-20T02:30, 209, 209, 238, 191, 220, 213, 56
1970-01-20T03:00, 205, 226, 221, 213, 211, 222, 69
1970-01-20T03:30, 248, 218, 227, 205, 230, 195, 63
1970-01-20T04:00, 259, 255, 236, 251, 247, 219, 81
1970-01-20T04:30, 238, 235, 221, 208, 224, 231, 58
1970-01-20T05:00, 274, 192, 238, 154, 225, 255, 64
1970-01-20T05:30, 276, 231, 255, 87, 257, 268, 74
1970-01-20T06:00, 254, 229, 258, 121, 258, 286, 79
1970-01-20T06:30, 300, 267, 283, 93, 248, 244, 87
1970-01-20T07:00, 294, 283, 284, 146, 268, 307, 98
1970-01-20T07:30, 259, 260, 279, 94, 279, 278, 73
1970-01-20T08:00, 287, 283, 258, 104, 241, 261, 92
1970-01-20T08:30, 246, 255, 270, 84, 250, 280, 70
1970-01-20T09:00, 282, 253, 254, 104, 261, 262, 77
1970-01-20T09:30, 261, 266, 264, 90, 271, 279, 105
1970-01-20T10:00, 250, 250, 256, 94, 277, 262, 79
1970-01-20T10:30, 288, 246, 255, 92, 288, 274, 114
1970-01-20T11:00, 218, 254, 255, 90, 249, 263, 79
1970-01-20T11:30, 252, 255, 228, 93, 271, 240, 73
1970-01-20T12:00, 227, 237, 238, 100, 223, 249, 62
1970-01-20T12:30, 242, 202, 215, 89, 230, 218, 70
1970-01-20T13:00, 212, 195, 190, 91, 215, 210, 52
1970-01-20T13:30, 203, 211, 194, 80, 225, 185, 52
1970-01-20T14:00, 185, 206, 181, 89, 182, 205, 49
1970-01-20T14:30, 175, 185, 160, 87, 170, 185, 29
1970-01-20T15:00, 206, 177, 156, 93, 169, 175, 30
1970-01-20T15:30, 177, 178, 168, 86, 177, 171, 34
1970-01-20T16:00, 205, 171, 192, 84, 169, 173, 36
1970-01-20T16:30, 205, 187, 157, 64, 145, 167, 52
1970-01-20T17:00, 190, 148, 184, 76, 178, 189, 32
1970-01-20T17:30, 180, 159, 182, 87, 167, 164, 32
1970-01-20T18:00, 200, 168, 144, 75, 162, 158, 25
1970-01-20T18:30, 162, 166, 180, 75, 161, 128, 34
1970-01-20T19:00, 186, 164, 194, 76, 184, 169, 35
1970-01-20T19:30, 187, 195, 168, 95, 160, 150, 40
1970-01-20T20:00, 187, 165, 155, 84, 162, 162, 47
1970-01-20T20:30, 182, 183, 170, 68, 176, 183, 53
1970-01-20T21:00, 198, 175, 169, 79, 174, 173, 52
1970-01-20T21:30, 220, 183, 169, 78, 194, 183, 44
1970-01-20T22:00, 199, 215, 205, 82, 196, 216, 55
1970-01-20T22:30, 215, 211, 167, 72, 171, 222, 53
1970-01-20T23:00, 219, 218, 199, 57, 209, 203, 50
1970-01-20T23:30, 236, 211, 232, 70, 201, 220, 49
1970-01-21T00:00, 206, 254, 211, 86, 220, 225, 70
1970-01-21T00:30, 203, 215, 228, 84, 234, 216, 66
1970-01-21T01:00, 221, 228, 231, 74, 212, 248, 81
1970-01-21T01:30, 203, 244, 250, 86, 236, 221, 50
1970-01-21T02:00, 228, 230, 232, 82, 223, 235, 58
1970-01-21T02:30, 235, 259, 255, 71, 222, 238, 57
1970-01-21T03:00, 246, 219, 249, 68, 213, 242, 62
1970-01-21T03:30, 242, 250, 288, 101, 263, 245, 66
1970-01-21T04:00, 281, 247, 292, 84, 254, 230, 58
1970-01-21T04:30, 254, 257, 298, 95, 246, 267, 75
1970-01-21T05:00, 284, 273, 261, 108, 280, 272, 77
1970-01-21T05:30, 255, 279, 275, 123, 247, 264, 59
1970-01-21T06:00, 254, 284, 258, 203, 246, 238, 66
1970-01-21T06:30, 257, 241, 256, 177, 229, 245, 60
1970-01-21T07:00, 261, 239, 238, 166, 216, 223, 75
1970-01-21T07:30, 268, 230, 246, 227, 216, 199, 73
1970-01-21T08:00, 249, 242, 246, 182, 230, 213, 65
1970-01-21T08:30, 240, 239, 241, 197, 223, 228, 87
1970-01-21T09:00, 248, 215, 227, 223, 238, 206, 63
1970-01-21T09:30, 222, 208, 200, 173, 222, 203, 70
1970-01-21T10:00, 211, 221, 249, 192, 209, 232, 68
1970-01-21T10:30, 219, 206, 207, 184, 204, 214, 79
1970-01-21T11:00, 199, 227, 233, 181, 212, 202, 65
1970-01-21T11:30, 177, 196, 213, 191, 222, 185, 69
1970-01-21T12:00, 173, 217, 170, 178, 193, 183, 54
1970-01-21T12:30, 178, 187, 180, 176, 191, 169, 47
1970-01-21T13:00, 164, 177, 185, 180, 169, 160, 66
